专业名称,别名,AI生存分,AI生存理由,窗口期状态,窗口期说明,推荐人格,推荐理由,避坑点,last_updated
计算机科学与技术,计算机/CS/软件工程/码农,6,核心工作正在分层——底层架构和系统设计难以替代，但初级编码已被AI大幅压缩。关键是做AI管不了的那层工作。,平稳期,需求量仍大但供给严重过剩。2026年起薪资分化加剧：能用AI的工程师薪资上升，纯体力编码者薪资下降。,系统/创造,逻辑思维强、喜欢搞清楚底层原理的人在这个行业有长期优势。AI工具反而放大了这类人的产出。,警惕「学会框架就够了」的思维——真正的护城河是系统设计能力和用AI解决复杂问题的能力，不是语法熟练度。,2026-01
人工智能,AI/机器学习/深度学习,6,训练模型和调参正在被自动化，但AI系统的架构设计、落地判断和业务理解仍高度依赖人。,上升期,国家战略支柱产业，政策资金持续加码。但基础岗位供给已超过需求，高端岗位竞争仍激烈。,系统/创造,数学直觉强、喜欢研究系统原理的人在这个领域有天然优势。能把AI能力转化为实际产品的人最稀缺。,不要只学调包——PyTorch调参人人会，有价值的是理解模型为什么这样设计，以及如何把AI应用到真实业务场景。,2026-01
软件工程,软件/开发/程序员,6,与计算机科学类似，区别在于更偏工程实践。初级开发被AI替代风险高，系统架构师和全栈能力强的人仍紧缺。,平稳期,供需基本平衡但内卷严重。大厂降本增效持续，小厂和外包岗位不稳定。独立开发者因AI工具爆发反而机会增加。,系统/执行,执行力强+逻辑清晰的人适合走工程路线。系统型适合走架构方向。,软件工程的「工程」两字是重点——毕业后做的不只是写代码，还有需求分析、测试、维护。讨厌这些环节的人会很痛苦。,2026-01
数据科学与大数据技术,数据/大数据/数据分析,5,数据清洗和基础分析已被AI工具替代。有价值的是提出正确问题和解读数据背后的业务逻辑——这是AI做不好的。,平稳期,数据岗位在2022-2024年已经过热后调整。现在需要的不是「会用Tableau的人」而是「能用数据影响决策的人」。,系统/表达,系统型负责分析，表达型负责把数据故事讲给业务方听。两者结合的人最抢手。,千万不要以为学会SQL和Python就是数据科学家。核心价值在于业务理解和决策影响力，纯技术路线的天花板很低。,2026-01
网络安全,安全/信息安全/黑客,8,攻防对抗的本质是创造性思维——攻击者不断创新，防御者需要预判未知威胁。这是AI极难替代的领域。,上升期,国家将网络安全列为战略级产业。2025年《网络安全法》修订后合规需求爆发，专业人才缺口超50万。,系统/创造,系统型适合安全架构和渗透测试；创造型适合漏洞挖掘和红队对抗。两类人都有广阔空间。,网络安全需要持续学习——漏洞和技术每年都在更新，不愿意自学的人会很快被淘汰。入门门槛高，但一旦进入，护城河极强。,2026-01
电子信息工程,电子/信息/通信电子,6,硬件设计和嵌入式系统需要物理世界的直觉和经验积累，AI难以完全替代。但纯软件部分的壁垒在降低。,平稳期,5G建设高峰已过，但物联网、智能硬件、汽车电子等新方向需求旺盛。方向选择比学校重要。,系统/执行,系统型适合做芯片和底层架构；执行型适合做工程实现和测试。对硬件有天然兴趣的人在这个行业有长期优势。,电子信息的毕业去向分化极大——去华为中兴和去普通电子厂，薪资可以差5-10倍。学校和项目经验决定了你能进哪条赛道。,2026-01
通信工程,通信/5G/网络,5,网络规划和运维的大量工作已被自动化。真正有价值的是新技术标准的研究和系统级设计。,平稳期,5G建设进入尾声，6G研究启动但市场化还早。运营商招聘趋于保守，设备商（华为/中兴）仍有需求。,系统/执行,适合喜欢底层技术、能接受硬核数学的人。外向型人格在售前和解决方案岗位有额外优势。,通信工程在外资和互联网公司不如CS抢手，毕业后路径相对窄。除非目标明确是华为/中兴/运营商，否则要想清楚。,2026-01
自动化,自动化/控制/PLC,6,工业控制和机器人系统设计需要深厚的物理直觉和现场经验。自动化工程师负责让机器听话——这件事本身很难被机器替代。,上升期,制造业升级和智能工厂建设带动需求持续增长。新能源、半导体、汽车制造是三大热门去向。,系统/执行,系统型适合控制算法研究；执行型适合现场工程实施。能把理论和现场经验结合的人最值钱。,自动化毕业生两极分化——进高端制造业薪资很好，进传统工厂维护PLC则很普通。选实习和第一份工作时行业比职位名称重要。,2026-01
机械工程,机械/制造/机械设计,5,产品结构设计和制造工艺优化需要大量经验积累和物理直觉。但标准化设计工作正在被AI和参数化软件压缩。,平稳期,传统机械制造就业平稳，但薪资增长缓慢。新能源汽车、机器人、航空航天方向是增量市场。,系统/执行,执行型在制造现场如鱼得水；系统型适合研发和工艺优化。对机械结构有天然兴趣是必要条件。,机械工程是「工资不高但稳定」的代名词——如果追求高薪，需要明确转向新能源汽车或机器人赛道，传统机械制造难以实现。,2026-01
土木工程,土木/建筑施工/结构,4,结构计算和施工图设计已被大量软件替代。有价值的是现场管理和复杂项目的综合判断，但这些需要多年经验积累。,饱和期,房地产下行周期导致基建类土木需求大幅萎缩。2023-2025年大量土木毕业生转行。短期内行业难以反转。,执行/系统,执行型在工地管理中有优势；系统型适合结构设计。但两类人都需要做好长期在工地的心理准备。,土木工程是当下就业压力最大的工科专业之一。如果不是热爱建造本身，建议慎重考虑。转行成本高，前几年薪资偏低且工作环境艰苦。,2026-01
建筑学,建筑设计/设计院,6,空间叙事和建筑意图的表达仍需要人的创造力。但施工图绘制和效果图渲染已被AI工具大量替代。,饱和期,房地产寒冬直接冲击设计院招聘。大型设计院裁员，小事务所生存艰难。出路在于做差异化的高端设计或转向城市更新方向。,创造/系统,创造型享受空间创作过程；系统型在技术图纸和规范研究上有优势。两者都需要极强的审美积累。,建筑学学制5年，注册建筑师考试漫长。入行前要想清楚：你爱的是建筑本身，还是「建筑师」这个title？前者能撑过低谷，后者很快会后悔。,2026-01
化学工程与工艺,化工/化学,5,化工过程的本质是物质转化——核心反应机理和工艺优化需要深厚的化学直觉，AI可以加速但不能替代工程师的判断。,上升期,新材料、新能源电池、半导体化学品是三大增量方向。锂电池产业链对化工人才需求持续旺盛。,系统/执行,系统型适合工艺研发；执行型适合生产管理。对化学反应有天然好奇心的人在这行有长期优势。,化工行业工作环境因企业差异极大——头部新能源公司和传统石化厂是两个世界。第一份工作选行业比选城市重要。,2026-01
生物工程,生物/生命科学/生物技术,5,实验设计和数据解读需要深厚的生物学直觉，但重复性实验操作正在被自动化设备替代。真正的护城河是创新性研究能力。,上升期,合成生物学、基因编辑、细胞治疗是近5年最热的科技赛道。政策和资本持续涌入，但需要硕博学历才能真正进入核心岗位。,系统/创造,系统型适合研发；创造型在交叉学科创新上有优势。本科阶段只是敲门砖——这个行业几乎人人读研。,生物工程本科直接就业的出路很窄，薪资也不高。如果不打算读研，需要提前规划转型路径（如转生物信息/数据方向）。,2026-01
环境科学与工程,环境/环保,6,环境治理方案的设计需要综合判断和本地化经验，AI难以替代。但常规监测和数据分析正在被自动化。,上升期,双碳目标下环境监管日趋严格，企业合规需求和政府项目持续增长。碳排放核查是近年新兴方向。,系统/执行,系统型适合环境规划和政策研究；执行型适合工程实施和现场监测。有理工背景+政策理解能力的人最稀缺。,环境行业薪资弹性较大——在头部环保企业或碳市场方向可以做到不错水平，但在基层环保单位薪资偏低。行业选择决定上限。,2026-01
材料科学与工程,材料/新材料,6,新材料的研发需要大量实验验证和经验积累，AI可以加速筛选但无法替代工程师的直觉判断。,上升期,半导体材料、电池材料、航空航天特种材料是国家卡脖子领域，政策重点支持。校招薪资大幅提升。,系统/执行,系统型适合材料研发；执行型适合材料工程和质量控制。数学物理基础扎实是必要条件。,材料行业两极分化——进半导体/新能源材料方向薪资很好，进传统钢铁/建材方向增长缓慢。专业方向比学校名气更决定出路。,2026-01
电气工程及其自动化,电气/强电/电力,7,电力系统的规划和调度需要综合判断，新能源并网的复杂性反而增加了人工判断的价值。,上升期,新能源革命直接拉动电气人才需求。光伏、风电、储能、特高压等方向招聘旺盛，国家电网每年大量校招。,系统/执行,系统型适合电力系统研究；执行型适合变电站运维和工程实施。电气工程是「选对了绝对不愁就业」的专业。,电气工程有两条路：进国网/南网（稳定但成长慢）和进新能源企业（成长快但压力大）。两条路差异大，入学前想清楚更适合哪种节奏。,2026-01
新能源科学与工程,新能源/光伏/储能/风电,7,新能源系统的设计和运维涉及复杂的物理判断和经验积累，AI可以优化但难以替代工程师的现场决策。,上升期,国家战略核心赛道。光伏装机量持续突破，储能爆发，2030年前人才需求将持续旺盛。,系统/执行,系统型适合系统设计和研发；执行型适合项目管理和运维。对能源感兴趣的理工科学生的最佳选择之一。,新能源行业发展快但内卷也快——光伏产业2024年已开始价格战，纯组件制造端薪资下行。方向要往系统集成和储能走，不要停留在硬件制造。,2026-01
智能制造工程,智能制造/工业4.0,6,工厂数字化改造需要同时理解制造工艺和数字技术的人——这种跨界能力目前极度稀缺，AI无法替代。,上升期,制造业升级国家战略下，懂工艺又懂数字化的复合型人才是最大缺口。德系和日系制造企业尤为紧缺。,系统/执行,系统型擅长数字化方案设计；执行型在车间落地上有优势。能在工厂和IT部门之间做翻译的人薪资最高。,这个专业新，课程体系还不成熟。建议挑选有实际工厂合作资源的学校，否则学的是概念，进不了实战。,2026-01
临床医学,医学/学医/医生,9,诊断和治疗涉及大量例外情况处理、患者信任和法律责任，三者都是AI的弱项。医生是AI时代最安全的职业之一。,上升期,老龄化加速、医疗需求持续增长。2030年医生缺口预计超200万。政策持续加大医疗投入。,执行/系统,执行型在高压高责任感环境中有天然优势；系统型能快速掌握复杂的医学知识体系。,学制长（5+3年起步）、前期收入低、规培压力大。家长要一起做好长期投入的心理准备，不适合急于变现的家庭。,2026-01
口腔医学,牙医/口腔/牙科,9,口腔治疗结合了精细手工技能、患者沟通和临床判断，三者缺一不可，AI机器人暂时无法整合。,上升期,口腔消费需求持续增长，私立口腔诊所扩张。民营口腔医生收入远高于公立，创业空间大。,执行/系统,执行型在精细操作上有天然优势；系统型在复杂病例分析上更有优势。手部灵巧度和细心程度是硬门槛。,口腔医学的黄金时代是「自己开诊所」——打工做牙医薪资中等，但技术积累到一定程度后，创业回报率极高。要有这个长期规划。,2026-01
药学,药学/制药/药剂,6,药物研发的核心是创新分子设计和临床试验判断，这需要人的直觉。但常规药物审核和调剂工作正在被自动化。,上升期,生物药、创新药、仿制药国产替代是政策重点。CXO（外包）产业持续扩张，对药学人才需求大。,系统/执行,系统型适合研发岗位；执行型适合生产质控和临床试验管理。读研后就业质量大幅提升。,药学本科就业出路相对窄——薪资不高，发展有限。如果目标是研发岗，需要做好读研的准备。不读研的话，零售药房是主要出路，但成长空间有限。,2026-01
护理学,护士/护理,7,护理工作的核心是人文关怀、临床观察和紧急应变，这些都是AI的弱项。部分操作类工作会被自动化，但护患关系无法替代。,上升期,老龄化驱动需求持续增长。养老护理和社区医疗方向缺口极大。国际护理市场（德国、日本）对中国护士的需求旺盛。,执行/表达,执行型能在高强度工作中保持稳定；表达型在与患者沟通安抚上有优势。细心、有责任心是最重要的特质。,护理工作的挑战不是技术难度，而是高强度和情感消耗。入行前建议去医院志愿者体验，了解真实工作环境后再决定。,2026-01
中医学,中医/中医药,7,中医的核心是望闻问切的综合判断和个体化调治，这种非标准化、经验性的判断AI很难学习。,上升期,国家大力扶持中医药发展。国医馆、健康管理、康复养生等消费方向快速增长。,系统/执行,系统型在理论研究和经典研读上有优势；执行型在临床实践和针灸推拿技术上有优势。需要对中国传统文化有真实兴趣。,中医入门难、成才周期长——通常需要15-20年才能形成独立的临床判断力。「考上就躺平」的思维在中医行不通，需要终身学习的心态。,2026-01
生物医学工程,生医/医疗器械/BME,7,医疗器械的创新设计需要同时理解工程原理和医学需求，这种交叉能力AI难以替代。,上升期,国产医疗器械替代进口是国家战略。呼吸机、心脏支架、手术机器人等高端器械研发需求旺盛。,系统/创造,系统型适合器械研发和算法；创造型适合产品创新和用户体验设计。需要同时对工程和医学都感兴趣。,生物医学工程是「听上去很厉害，就业很难对口」的专业——真正进入医疗器械研发的比例并不高。大部分毕业生转向医疗销售、器械注册或IT方向。,2026-01
公共卫生与预防医学,公卫/疾控/流行病学,7,流行病学调查和公共卫生政策制定需要综合判断和社会理解，AI可以辅助分析但无法替代政策决策者。,上升期,新冠疫情后国家大幅增加疾控体系投入。基层公共卫生岗位缺口大，政策性就业有保障。,系统/执行,系统型适合流行病学研究和数据分析；执行型适合基层疾控工作。对社会问题有关怀的人在这个行业找到意义感。,公共卫生的就业主要是体制内（疾控、卫健委）——稳定但薪资有限，职业上升通道较窄。如果追求高薪，需要走学术研究路线。,2026-01
工商管理,管理/MBA方向/商科,4,管理的价值在于对人和组织的判断，这目前还依赖人类。但基础管理工具（ERP、数据分析）已高度自动化。,平稳期,需求平稳但竞争激烈。工商管理本科就业竞争力较弱，价值更多体现在读MBA阶段。,表达/执行,表达型在领导力和沟通上有天然优势；执行型在运营管理上出色。两者在商业环境中都有发挥空间。,工商管理本科是「万金油学历」——优点是方向灵活，缺点是没有核心技术壁垒。竞争力需要靠实习经历、人脉和辅修技能来弥补，不能只靠专业课。,2026-01
金融学,金融/投行/基金/银行,5,高端金融（投行、私募）仍高度依赖人脉和判断力，但大量基础分析岗位已被AI量化工具替代。,饱和期,金融行业整体收缩，2022-2025年持续裁员。投行和基金招聘名额大幅缩减，银行柜员岗位持续消失。,系统/表达,系统型适合量化和研究方向；表达型适合销售交易和关系维护。名校背景是进入顶级金融机构的门槛。,金融学就业的神话正在破灭——进顶级机构的比例极低，大部分毕业生进入普通银行或保险公司，薪资与预期落差大。入行前要对真实就业分布有清醒认知。,2026-01
会计学,会计/财务/CPA,3,财务核算和报表编制已被财务软件和RPA高度替代。有价值的是财务决策支持和税务筹划，但这需要资深经验。,饱和期,基础会计岗位正在快速消失，部分上市公司已用AI完成月度结账。注册会计师（CPA）仍有价值，但考证难度大。,执行/系统,执行型在财务管理中表现稳定；系统型在税务筹划和审计上有优势。没有CPA等证书的纯会计本科竞争力在下降。,会计学是「AI时代就业风险最高的传统热门专业」之一。如果选择这个方向，必须把考CPA作为硬指标，否则毕业即失业的风险很高。,2026-01
经济学,经济/宏观经济/经济研究,5,经济现象的解读和政策分析需要综合判断，但大量基础数据分析已被自动化。经济学的价值在于思维框架，不在数据处理。,平稳期,经济学本科就业出路较窄，主要是政府/央行/研究机构。真正发挥价值需要读研，最好是结合数学或数据方向。,系统/表达,系统型适合做研究和政策分析；表达型适合咨询和金融销售。两者都需要辅修数学或编程才有竞争力。,经济学是「好专业，难就业」的典型——思维训练极好，但本科直接就业时没有技术壁垒。建议明确是走学术还是从业路径，针对性地补充技能。,2026-01
国际经济与贸易,国贸/外贸/跨境电商,4,传统外贸的标准化环节（报价、单证、跟单）已被系统替代。有价值的是市场开拓、谈判和供应链管理。,平稳期,传统外贸岗位收缩，跨境电商方向需求旺盛。懂外语+懂运营+懂数据的复合型人才最稀缺。,表达/执行,表达型在客户开发和谈判上有天然优势；执行型在供应链管理和订单跟进上出色。,纯国贸专业竞争力一般——外语能力要真正达到商务流利水平，同时需要叠加运营、数据或某个垂直行业的专业知识，才能在跨境电商时代找到定位。,2026-01
市场营销,营销/市场/品牌,5,创意策划和用户洞察仍需要人的直觉，但内容生产、广告投放和数据分析已被AI工具大幅替代。,平稳期,营销岗位存在，但纯「做方案写文案」的价值在下降。能驱动增长数据的营销人才（增长黑客）最稀缺。,表达/创造,表达型在沟通说服和品牌叙事上有优势；创造型在创意策划上有优势。两者都需要掌握数据分析才能有竞争力。,营销是「门槛低、天花板高」的行业——入行不难，但做到高水平需要同时具备创意思维、数据能力和用户洞察。只会做PPT的营销人正在快速贬值。,2026-01
人力资源管理,HR/人力资源,4,招聘和绩效管理的标准化流程已被HR系统替代。有价值的是组织设计和高层决策支持，这依赖经验积累。,平稳期,HR岗位需求平稳但成长路径慢。真正创造价值需要10年以上经验到达HRBP或CHO层级。,表达/执行,表达型在招聘面试和员工关系上有天然优势；执行型在薪酬绩效和合规管理上出色。,人力资源是「最难量化价值」的岗位——初期待遇偏低，且很长时间内被视为支持部门而非核心部门。需要有长期积累的耐心。,2026-01
电子商务,电商/运营/直播电商,5,内容创作和选品判断仍需要人的直觉，但广告投放、数据分析和仓储管理已高度自动化。,平稳期,传统货架电商岗位趋于稳定，直播电商和内容电商仍有增量。但内卷激烈，大平台校招竞争激烈。,执行/创造,执行型在精细化运营和数据优化上有优势；创造型在内容策划和选品创新上有优势。两者在电商环境中都有价值。,电商运营是「实战大于学历」的行业——在校期间有实际店铺运营经验或直播经验，比课堂学的理论值钱十倍。建议大一就开始做实战项目。,2026-01
物流管理,物流/供应链/仓储,5,供应链规划和异常处理需要人的判断，但仓储分拣和路线规划已被大量自动化。,上升期,跨境电商和新零售驱动供应链升级需求。懂数据+懂系统+懂运营的供应链人才缺口大。,系统/执行,系统型适合供应链规划和系统优化；执行型适合仓库管理和项目落地。,物流管理的薪资差距很大——在顶级供应链公司（菜鸟、京东物流、顺丰）的系统岗和在普通物流公司做调度，是两个完全不同的职业。,2026-01
法学,法律/律师/检察院,8,法律判断涉及大量细节权衡、道德推理和客户关系，这是AI无法替代的核心价值。,平稳期,法律服务需求稳定，但律师市场竞争激烈。顶尖律所依旧抢手，普通律所生存压力大。体制内（法院/检察院/公务员）稳定但需要公考。,系统/表达,系统型在法律研究和文书写作上有优势；表达型在出庭辩护和谈判上有优势。两者都需要极强的细心和逻辑能力。,法学是「越顶尖越值钱，越普通越难做」的行业。非985/211毕业进顶级律所几乎不可能。要么目标顶尖（高考分数+持续努力），要么走体制内路线，普通法学院毕业走私人律师路线很艰难。,2026-01
心理学,心理/心理咨询/心理健康,8,心理咨询的核心是人际信任、共情和复杂的情感理解，这是AI最难触及的领域。,上升期,社会心理健康需求爆发式增长。学校心理健康、企业EAP、临床心理治疗均处于供不应求状态。,表达/系统,表达型在建立咨访关系和情感共鸣上有天然优势；系统型在认知行为治疗等结构化疗法上更出色。,心理学本科直接做咨询几乎不可能——需要读研并积累大量督导时数。本科就业主要在HR、教育、市场研究等方向。明确要做咨询，就要做好6-8年培养周期的准备。,2026-01
社会工作,社工/社会服务,6,社会工作的核心是个案管理和社区关系建立，这需要人的情感投入和信任构建，AI无法替代。,上升期,国家大幅增加社会治理投入，社工岗位持续增加。但整体薪资偏低，主要由政府购买服务支撑。,表达/执行,表达型在个案辅导和社区动员上有优势；执行型在项目管理和资源链接上出色。有社会责任感是做好社工的前提。,社工是「有意义但收入有限」的职业——国内薪资普遍偏低，尤其是基层社工。如果既想做有意义的工作又想要不错的收入，需要走管理路线或机构创业路线。,2026-01
教育学,教育/教师/教培,6,课程设计和因材施教仍需要人的判断，但知识传授的标准化部分正在被AI替代。有价值的是关系建立和个性化引导。,平稳期,公立学校教师编制仍是热门。教培行业在双减后重组，K12课外补课受限，素质教育和职业技能培训在增长。,表达/执行,表达型在课堂互动和启发式教学上有天然优势；执行型在课程执行和班级管理上出色。,教育学考编是主流路径——但教师编制竞争越来越激烈，热门城市教师招聘基本要求985/211硕士。要清楚竞争格局再做决定。,2026-01
学前教育,幼教/幼儿教师/早教,6,幼儿的情感安全感和社会化发展高度依赖真实的人类互动，AI无法替代这种关系。,上升期,人口政策调整后国家大力支持学前教育。优质幼儿园园长和高质量幼师持续紧缺。,表达/执行,表达型在儿童沟通和活动组织上有优势；执行型在日常保育和班级管理上出色。真心喜欢孩子是必要条件。,学前教育薪资普遍偏低——公立园编制较好，私立园差异大。入行前要有清醒的收入预期，这个职业的回报主要在情感层面而非物质层面。,2026-01
汉语言文学,中文/中国文学/语文,4,文学创作和文本分析中的审美判断仍需要人，但大量文字生产工作已被AI替代。核心价值在于思维训练而非技能本身。,平稳期,纯文学岗位稀少，但中文背景在内容运营、教育、出版、品牌文案等方向有需求。语文教师仍是主流出路。,表达/创造,表达型在写作和传播上有优势；创造型在文学创作和内容策划上有优势。,汉语言文学是「就业靠转型」的专业——毕业后很少直接从事文学工作，大部分人转向教育、媒体或品牌。要提前想清楚具体去哪个方向，针对性地积累经验。,2026-01
英语,英语/外语/英文,4,机器翻译已达到商务文本的实用水平，纯语言技能的壁垒在下降。有价值的是跨文化理解和高端翻译。,平稳期,跨国企业招聘仍需要英语，但作为单一技能已不足。英语+专业（法律/金融/技术）的复合型人才更有竞争力。,表达/执行,表达型在商务谈判和跨文化沟通上有优势；执行型在同传速记和项目管理上出色。,英语专业的核心风险是「技能单一」——在AI翻译时代，纯英语能力正在贬值。必须叠加第二技能（法律英语、科技翻译、商务谈判）才能保持竞争力。,2026-01
翻译,翻译/口译/笔译,3,机器翻译在大部分商业场景已足够用。人工翻译的价值正在集中于文学翻译、高端会议口译和政治外交场合，这类岗位极少。,饱和期,普通笔译岗位大幅萎缩。同声传译仍有市场但门槛极高。大量翻译专业学生毕业后转行。,表达/执行,表达型在口译和跨文化沟通上有优势；执行型在精准笔译和术语管理上出色。,翻译是「AI冲击最直接的专业」之一。除非目标是顶级同传或文学翻译，否则建议把翻译作为辅助技能，而非主业。,2026-01
新闻传播学,新闻/传媒/记者/主播,3,内容生产已被AI深度渗透。纯文字生产类岗位萎缩明显，2023-2025年主流媒体连续缩编。,饱和期,传统媒体持续萎缩，新媒体岗位被AI内容工具替代。就业市场在收窄。,表达/创造,表达型在这个方向能找到热情，但需要叠加其他稀缺技能（如数据可视化、纪录片导演）才有竞争力。,不建议把「喜欢写作」作为报考理由——AI写作能力已超过大多数初级记者。如果一定要选，方向是「会用AI做内容」的生产者，而非「靠写作本身」的从业者。,2026-01
视觉传达设计,视觉/平面设计/UI设计,4,品牌策略和用户体验的核心判断仍需要人的审美直觉，但大量执行性设计工作已被AI设计工具替代。,平稳期,UI/UX方向需求稳定，但平面设计和广告设计岗位被AI压缩。能用AI工具提升效率的设计师反而更抢手。,创造/系统,创造型在概念创新和审美判断上有优势；系统型在用户研究和交互逻辑上出色。,设计行业正在重构——会用AI工具（Midjourney/Figma AI）产出高质量设计的设计师，效率是不会用的10倍。不会用AI工具的设计师正在快速贬值。入学就开始学AI设计工具。,2026-01
产品设计,产品设计/工业设计/ID,6,工业产品的形态创新和用户体验优化需要深刻的物理直觉和使用场景理解，这种「物理+人文」的复合判断AI难以替代。,上升期,新能源汽车内饰设计、智能硬件、可穿戴设备等方向需求旺盛。国内消费升级驱动对「好设计」的需求上升。,创造/系统,创造型在形态创新和用户研究上有优势；系统型在工程可行性分析和结构设计上出色。,产品设计需要极强的作品集——找工作时，你的设计作品比你的学校名气更重要。大一就开始做真实项目，毕业时有5-8个完整案例。,2026-01
数字媒体艺术,数媒/游戏设计/动画,6,游戏内容创意和交互体验设计需要人的想象力和玩家同理心，但美术执行和3D建模正在被AI大幅替代。,上升期,游戏出海是文化产业最大的增量方向。国内游戏版号恢复后行业复苏，海外市场对中国游戏团队需求旺盛。,创造/系统,创造型在游戏策划和叙事设计上有优势；系统型在关卡设计和系统设计上出色。,数字媒体艺术里游戏策划方向竞争极为激烈——每年大量「热爱游戏」的学生进入，但真正能做策划的不多。「爱玩游戏」不等于「能做游戏」，需要有系统思维和设计能力作为基础。,2026-01
历史学,历史/考古/文博,5,历史研究和文化遗产解读需要长期积累的人文判断和语境理解，AI能做信息整合但无法做深层诠释。,平稳期,就业以教育和体制内为主（教师、博物馆、档案馆）。文旅融合带来一些新机会，但总量不大。,系统/表达,系统型适合学术研究；表达型适合文化传播和博物馆教育。历史专业的就业核心是「去哪工作」而不是「做什么工作」。,历史学是「读研才能发挥价值」的专业。本科毕业直接就业的出路主要是中学历史老师。如果不打算读研且不想当老师，就业会比较困难。,2026-01
哲学,哲学,6,哲学训练的批判性思维和概念分析能力，在AI时代反而是稀缺的元能力。但这需要转化——纯哲学研究岗位极少。,平稳期,哲学本科就业靠转型——法学、咨询、科技伦理、政策分析都欢迎有哲学背景的人。AI伦理和技术治理方向正在崛起。,系统/表达,系统型在逻辑分析和概念构建上有天然优势；表达型在哲学传播和公共演讲上出色。,哲学是「最难直接就业、最有长期价值」的专业——毕业时找工作会很困难，但10年后这个思维训练带来的竞争优势开始显现。需要有强烈的自我驱动和转化能力。,2026-01
数字经济,数字经济/互联网经济,5,数字经济政策分析和平台治理需要综合判断，但数据分析执行层已被工具替代。这是一个方向新、课程体系仍在摸索的专业。,上升期,数字经济是国家战略核心词。政府、咨询公司、平台企业均有需求。但专业刚兴起，课程质量良莠不齐。,系统/表达,系统型适合做平台经济研究和政策分析；表达型适合产业咨询和政府对接工作。,数字经济是新专业，不同学校课程差异极大。建议提前看课程设置，避免选到「新瓶装旧酒」的传统经济学或管理学课程。,2026-01
金融科技,金融科技/Fintech,6,金融产品创新和风险判断仍需要人的决策，但算法交易和信贷评分等执行层已高度自动化。这是金融+技术的交叉地带。,上升期,央行数字货币、监管科技、反洗钱等方向持续扩张。既懂金融又懂编程的复合人才稀缺。,系统/执行,系统型适合量化策略和风险建模；执行型适合项目管理和产品落地。需要同时有金融和编程基础。,金融科技是「双重门槛」的专业——你需要同时够得上金融和技术两条线的标准，只擅长其中一个会很尴尬。建议从大一就开始补强较弱的那一面。,2026-01
```
